https://habr.com/ru/post/442872/,andrei_mankevich,34
https://habr.com/ru/post/442872/,khim,22
https://habr.com/ru/post/442872/,tyomitch,22
https://habr.com/ru/post/442872/,vortupin,18
https://habr.com/ru/post/442872/,senya_z,17
https://habr.com/ru/post/442872/,Nexus7,13
https://habr.com/ru/post/442872/,Ghost_nsk,10
https://habr.com/ru/post/442872/,datacompboy,10
https://habr.com/ru/post/442872/,wataru,10
https://habr.com/ru/post/442872/,Thahr,7
https://habr.com/ru/post/442872/,lanseg,7
https://habr.com/ru/post/442872/,roman_kashitsyn,6
https://habr.com/ru/post/442872/,DMGarikk,5
https://habr.com/ru/post/442872/,Nitrofen,5
https://habr.com/ru/post/442872/,geisha,5
https://habr.com/ru/post/442872/,khayrov,5
https://habr.com/ru/post/442872/,AlexSmall,4
https://habr.com/ru/post/442872/,User2Qwer,4
https://habr.com/ru/post/442872/,naething,4
https://habr.com/ru/post/442872/,rpiontik,4
https://habr.com/ru/post/442872/,tbl,4
https://habr.com/ru/post/442872/,alsii,3
https://habr.com/ru/post/442872/,orion76,3
https://habr.com/ru/post/442872/,slava_k,3
https://habr.com/ru/post/442872/,Anton23,2
https://habr.com/ru/post/442872/,LevOrdabesov,2
https://habr.com/ru/post/442872/,Nick_Shl,2
https://habr.com/ru/post/442872/,TimsTims,2
https://habr.com/ru/post/442872/,WraithOW,2
https://habr.com/ru/post/442872/,Yoooriii,2
https://habr.com/ru/post/442872/,bay73,2
https://habr.com/ru/post/442872/,entilza,2
https://habr.com/ru/post/442872/,jawaharlalnehru,2
https://habr.com/ru/post/442872/,kzhyg,2
https://habr.com/ru/post/442872/,vsb,2
https://habr.com/ru/post/442872/,Aingis,1
https://habr.com/ru/post/442872/,Antares19,1
https://habr.com/ru/post/442872/,Archon,1
https://habr.com/ru/post/442872/,BalinTomsk,1
https://habr.com/ru/post/442872/,BandGsharp0,1
https://habr.com/ru/post/442872/,CheatEx,1
https://habr.com/ru/post/442872/,DCNick3,1
https://habr.com/ru/post/442872/,Dgolubetd,1
https://habr.com/ru/post/442872/,Dimsml,1
https://habr.com/ru/post/442872/,Draku1a,1
https://habr.com/ru/post/442872/,Fafnir,1
https://habr.com/ru/post/442872/,Homo97Sapiens,1
https://habr.com/ru/post/442872/,Julegg,1
https://habr.com/ru/post/442872/,KirutNdert,1
https://habr.com/ru/post/442872/,Knightt,1
https://habr.com/ru/post/442872/,KodyWiremane,1
https://habr.com/ru/post/442872/,Maccimo,1
https://habr.com/ru/post/442872/,Nagg,1
https://habr.com/ru/post/442872/,Neikist,1
https://habr.com/ru/post/442872/,OlegGelezcov,1
https://habr.com/ru/post/442872/,OnYourLips,1
https://habr.com/ru/post/442872/,Revertis,1
https://habr.com/ru/post/442872/,Sellec,1
https://habr.com/ru/post/442872/,Sergery8205,1
https://habr.com/ru/post/442872/,SiliconValleyHobo,1
https://habr.com/ru/post/442872/,Tsvetik,1
https://habr.com/ru/post/442872/,Wan-Derer,1
https://habr.com/ru/post/442872/,andreyvo,1
https://habr.com/ru/post/442872/,andvary,1
https://habr.com/ru/post/442872/,anprs,1
https://habr.com/ru/post/442872/,barbanel,1
https://habr.com/ru/post/442872/,bkar,1
https://habr.com/ru/post/442872/,citius,1
https://habr.com/ru/post/442872/,dollar,1
https://habr.com/ru/post/442872/,dtho-dtho,1
https://habr.com/ru/post/442872/,ferzisdis,1
https://habr.com/ru/post/442872/,fpir,1
https://habr.com/ru/post/442872/,greenhack,1
https://habr.com/ru/post/442872/,nanshakov,1
https://habr.com/ru/post/442872/,nochkin,1
https://habr.com/ru/post/442872/,nsuvorov,1
https://habr.com/ru/post/442872/,petrovichtim,1
https://habr.com/ru/post/442872/,smilyfox,1
https://habr.com/ru/post/442872/,speshuric,1
https://habr.com/ru/post/442872/,sumanai,1
https://habr.com/ru/post/442872/,xPomaHx,1
https://habr.com/ru/post/442872/,zodchiy,1
https://habr.com/ru/post/443694/,take,17
https://habr.com/ru/post/443694/,Wesha,14
https://habr.com/ru/post/443694/,Alexeyslav,12
https://habr.com/ru/post/443694/,dartraiden,10
https://habr.com/ru/post/443694/,juray,10
https://habr.com/ru/post/443694/,mkovalevskyi,10
https://habr.com/ru/post/443694/,F0iL,8
https://habr.com/ru/post/443694/,dhaenoor,8
https://habr.com/ru/post/443694/,sumanai,8
https://habr.com/ru/post/443694/,nlykl,6
https://habr.com/ru/post/443694/,vmspike,6
https://habr.com/ru/post/443694/,CoolCmd,5
https://habr.com/ru/post/443694/,dimitry78,4
https://habr.com/ru/post/443694/,ianzag,4
https://habr.com/ru/post/443694/,mayorovp,4
https://habr.com/ru/post/443694/,motpac,4
https://habr.com/ru/post/443694/,pacaya,4
https://habr.com/ru/post/443694/,sveq,4
https://habr.com/ru/post/443694/,sysd,4
https://habr.com/ru/post/443694/,DistortNeo,3
https://habr.com/ru/post/443694/,EnchantedOrange,3
https://habr.com/ru/post/443694/,Meklon,3
https://habr.com/ru/post/443694/,PashaPash,3
https://habr.com/ru/post/443694/,Whuthering,3
https://habr.com/ru/post/443694/,abmanimenja,3
https://habr.com/ru/post/443694/,amarao,3
https://habr.com/ru/post/443694/,ilyaska,3
https://habr.com/ru/post/443694/,thauquoo,3
https://habr.com/ru/post/443694/,Cerberuser,2
https://habr.com/ru/post/443694/,Chamie,2
https://habr.com/ru/post/443694/,Endeavour,2
https://habr.com/ru/post/443694/,Lennonenko,2
https://habr.com/ru/post/443694/,LinearLeopard,2
https://habr.com/ru/post/443694/,Mabusius,2
https://habr.com/ru/post/443694/,NeoCode,2
https://habr.com/ru/post/443694/,Rulin,2
https://habr.com/ru/post/443694/,Sergery8205,2
https://habr.com/ru/post/443694/,Solovej,2
https://habr.com/ru/post/443694/,Tanriol,2
https://habr.com/ru/post/443694/,ValdikSS,2
https://habr.com/ru/post/443694/,andvgal,2
https://habr.com/ru/post/443694/,bano-notit,2
https://habr.com/ru/post/443694/,dimka11,2
https://habr.com/ru/post/443694/,ferocactus,2
https://habr.com/ru/post/443694/,feyd12,2
https://habr.com/ru/post/443694/,glestwid,2
https://habr.com/ru/post/443694/,glowingsword,2
https://habr.com/ru/post/443694/,janatem,2
https://habr.com/ru/post/443694/,jery_jary,2
https://habr.com/ru/post/443694/,jevius,2
https://habr.com/ru/post/443694/,mini_nightingale,2
https://habr.com/ru/post/443694/,multiprogramm,2
https://habr.com/ru/post/443694/,pakager,2
https://habr.com/ru/post/443694/,qrKot,2
https://habr.com/ru/post/443694/,red_andr,2
https://habr.com/ru/post/443694/,rogoz,2
https://habr.com/ru/post/443694/,usrsse2,2
https://habr.com/ru/post/443694/,vilgeforce,2
https://habr.com/ru/post/443694/,vladd12,2
https://habr.com/ru/post/443694/,0x9d8e,1
https://habr.com/ru/post/443694/,5oclock,1
https://habr.com/ru/post/443694/,907,1
https://habr.com/ru/post/443694/,Aegir,1
https://habr.com/ru/post/443694/,Andrey-Yurevich,1
https://habr.com/ru/post/443694/,Bronx,1
https://habr.com/ru/post/443694/,Cheater,1
https://habr.com/ru/post/443694/,Dim4Nik,1
https://habr.com/ru/post/443694/,DocJester,1
https://habr.com/ru/post/443694/,Doctor5772,1
https://habr.com/ru/post/443694/,Dr_Faksov,1
https://habr.com/ru/post/443694/,Dukat,1
https://habr.com/ru/post/443694/,Gaikotsu,1
https://habr.com/ru/post/443694/,Hamer13,1
https://habr.com/ru/post/443694/,Jerf,1
https://habr.com/ru/post/443694/,JerleShannara,1
https://habr.com/ru/post/443694/,KonkovVladimir,1
https://habr.com/ru/post/443694/,LevOrdabesov,1
https://habr.com/ru/post/443694/,MIKEk8,1
https://habr.com/ru/post/443694/,MasMaX,1
https://habr.com/ru/post/443694/,Max_JK,1
https://habr.com/ru/post/443694/,McAaron,1
https://habr.com/ru/post/443694/,Mykola_Von_Raybokobylko,1
https://habr.com/ru/post/443694/,NickyX3,1
https://habr.com/ru/post/443694/,NoRegrets,1
https://habr.com/ru/post/443694/,PowerMetall,1
https://habr.com/ru/post/443694/,Pravo,1
https://habr.com/ru/post/443694/,PythonKaa,1
https://habr.com/ru/post/443694/,RAX7,1
https://habr.com/ru/post/443694/,RussianNeuroMancer,1
https://habr.com/ru/post/443694/,S0mbre,1
https://habr.com/ru/post/443694/,Sabubu,1
https://habr.com/ru/post/443694/,SkyHunter,1
https://habr.com/ru/post/443694/,TerAnYu,1
https://habr.com/ru/post/443694/,User2Qwer,1
https://habr.com/ru/post/443694/,Vsevo10d,1
https://habr.com/ru/post/443694/,a-tk,1
https://habr.com/ru/post/443694/,aamonster,1
https://habr.com/ru/post/443694/,alexanster,1
https://habr.com/ru/post/443694/,alfred200,1
https://habr.com/ru/post/443694/,aruseni,1
https://habr.com/ru/post/443694/,bopoh13,1
https://habr.com/ru/post/443694/,burrdarr,1
https://habr.com/ru/post/443694/,claygod,1
https://habr.com/ru/post/443694/,danfe,1
https://habr.com/ru/post/443694/,datfeel17,1
https://habr.com/ru/post/443694/,dim2r,1
https://habr.com/ru/post/443694/,dzolotarev,1
https://habr.com/ru/post/443694/,edwardspec,1
https://habr.com/ru/post/443694/,extempl,1
https://habr.com/ru/post/443694/,firedragon,1
https://habr.com/ru/post/443694/,fukkit,1
https://habr.com/ru/post/443694/,halyavin,1
https://habr.com/ru/post/443694/,holomen,1
https://habr.com/ru/post/443694/,inoyakaigor,1
https://habr.com/ru/post/443694/,itconsulting,1
https://habr.com/ru/post/443694/,jMas,1
https://habr.com/ru/post/443694/,j_wayne,1
https://habr.com/ru/post/443694/,karavan_750,1
https://habr.com/ru/post/443694/,keydet,1
https://habr.com/ru/post/443694/,kikiwora,1
https://habr.com/ru/post/443694/,marenkov,1
https://habr.com/ru/post/443694/,mehos,1
https://habr.com/ru/post/443694/,mikevmk,1
https://habr.com/ru/post/443694/,negodnik,1
https://habr.com/ru/post/443694/,nickolaym,1
https://habr.com/ru/post/443694/,nidalee,1
https://habr.com/ru/post/443694/,nikbond,1
https://habr.com/ru/post/443694/,nop_0x90,1
https://habr.com/ru/post/443694/,ogost,1
https://habr.com/ru/post/443694/,p0gank,1
https://habr.com/ru/post/443694/,pesh1983,1
https://habr.com/ru/post/443694/,pirate_tony,1
https://habr.com/ru/post/443694/,puyol_dev2,1
https://habr.com/ru/post/443694/,river-fall,1
https://habr.com/ru/post/443694/,robo2k,1
https://habr.com/ru/post/443694/,rubero,1
https://habr.com/ru/post/443694/,s-kozlov,1
https://habr.com/ru/post/443694/,shaukote,1
https://habr.com/ru/post/443694/,stalinets,1
https://habr.com/ru/post/443694/,tbl,1
https://habr.com/ru/post/443694/,timdorohin,1
https://habr.com/ru/post/443694/,tkf,1
https://habr.com/ru/post/443694/,valex2019,1
https://habr.com/ru/post/443694/,victoriously,1
https://habr.com/ru/post/443694/,vnai,1
https://habr.com/ru/post/443694/,vyo,1
https://habr.com/ru/post/443694/,yvm,1
https://habr.com/ru/company/tm/blog/442208/,rgs350,13
https://habr.com/ru/company/tm/blog/442208/,vconst,12
https://habr.com/ru/company/tm/blog/442208/,Alexufo,6
https://habr.com/ru/company/tm/blog/442208/,daleraliyorov,6
https://habr.com/ru/company/tm/blog/442208/,selivanov_pavel,6
https://habr.com/ru/company/tm/blog/442208/,sumanai,6
https://habr.com/ru/company/tm/blog/442208/,MacIn,5
https://habr.com/ru/company/tm/blog/442208/,old_bear,5
https://habr.com/ru/company/tm/blog/442208/,AngReload,4
https://habr.com/ru/company/tm/blog/442208/,Boomburum,4
https://habr.com/ru/company/tm/blog/442208/,eisaev,4
https://habr.com/ru/company/tm/blog/442208/,kababok,4
https://habr.com/ru/company/tm/blog/442208/,michael_vostrikov,4
https://habr.com/ru/company/tm/blog/442208/,rjhdby,4
https://habr.com/ru/company/tm/blog/442208/,striver,4
https://habr.com/ru/company/tm/blog/442208/,KvanTTT,3
https://habr.com/ru/company/tm/blog/442208/,jok40,3
https://habr.com/ru/company/tm/blog/442208/,Slavik_Kenny,2
https://habr.com/ru/company/tm/blog/442208/,extempl,2
https://habr.com/ru/company/tm/blog/442208/,lamer84,2
https://habr.com/ru/company/tm/blog/442208/,saboteur_kiev,2
https://habr.com/ru/company/tm/blog/442208/,tvr,2
https://habr.com/ru/company/tm/blog/442208/,3aBulon,1
https://habr.com/ru/company/tm/blog/442208/,Dadadumdums,1
https://habr.com/ru/company/tm/blog/442208/,DaemonGloom,1
https://habr.com/ru/company/tm/blog/442208/,DollaR84,1
https://habr.com/ru/company/tm/blog/442208/,FTOH,1
https://habr.com/ru/company/tm/blog/442208/,MTyrz,1
https://habr.com/ru/company/tm/blog/442208/,Mad__Max,1
https://habr.com/ru/company/tm/blog/442208/,Mingun,1
https://habr.com/ru/company/tm/blog/442208/,Mogwaika,1
https://habr.com/ru/company/tm/blog/442208/,NickKolok,1
https://habr.com/ru/company/tm/blog/442208/,OZR,1
https://habr.com/ru/company/tm/blog/442208/,SergeyMax,1
https://habr.com/ru/company/tm/blog/442208/,Source,1
https://habr.com/ru/company/tm/blog/442208/,Zayatslyoha,1
https://habr.com/ru/company/tm/blog/442208/,bano-notit,1
https://habr.com/ru/company/tm/blog/442208/,bvn13,1
https://habr.com/ru/company/tm/blog/442208/,c0f04,1
https://habr.com/ru/company/tm/blog/442208/,chianti,1
https://habr.com/ru/company/tm/blog/442208/,crocodile2u,1
https://habr.com/ru/company/tm/blog/442208/,cyborg-researcher,1
https://habr.com/ru/company/tm/blog/442208/,dartraiden,1
https://habr.com/ru/company/tm/blog/442208/,datacompboy,1
https://habr.com/ru/company/tm/blog/442208/,deamondz,1
https://habr.com/ru/company/tm/blog/442208/,dolovar,1
https://habr.com/ru/company/tm/blog/442208/,exr,1
https://habr.com/ru/company/tm/blog/442208/,fenst,1
https://habr.com/ru/company/tm/blog/442208/,freestyler8,1
https://habr.com/ru/company/tm/blog/442208/,gudvinr,1
https://habr.com/ru/company/tm/blog/442208/,halyavin,1
https://habr.com/ru/company/tm/blog/442208/,homm,1
https://habr.com/ru/company/tm/blog/442208/,igordoge,1
https://habr.com/ru/company/tm/blog/442208/,igruh,1
https://habr.com/ru/company/tm/blog/442208/,impwx,1
https://habr.com/ru/company/tm/blog/442208/,ivan386,1
https://habr.com/ru/company/tm/blog/442208/,jknight,1
https://habr.com/ru/company/tm/blog/442208/,klirichek,1
https://habr.com/ru/company/tm/blog/442208/,mdcool,1
https://habr.com/ru/company/tm/blog/442208/,perfect_genius,1
https://habr.com/ru/company/tm/blog/442208/,polearnik,1
https://habr.com/ru/company/tm/blog/442208/,priwelec,1
https://habr.com/ru/company/tm/blog/442208/,rail-ka,1
https://habr.com/ru/company/tm/blog/442208/,stepmex,1
https://habr.com/ru/company/tm/blog/442208/,svi0105,1
https://habr.com/ru/company/tm/blog/442208/,t_kanstantsin,1
https://habr.com/ru/company/tm/blog/442208/,u007,1
https://habr.com/ru/company/tm/blog/442208/,unwrecker,1
https://habr.com/ru/company/tm/blog/442208/,w0den,1
https://habr.com/ru/company/tm/blog/442208/,webserfer,1
https://habr.com/ru/company/tm/blog/442208/,zamboga,1
